{"stats":{"minecraft:killed_by":{"minecraft:creeper":1,"minecraft:enderman":1},"minecraft:crafted":{"minecraft:acacia_planks":12,"minecraft:crafting_table":1,"minecraft:stick":4,"minecraft:wooden_axe":1},"minecraft:custom":{"minecraft:time_since_rest":2415,"minecraft:crouch_one_cm":241,"minecraft:sprint_one_cm":16523,"minecraft:play_time":9654,"minecraft:walk_one_cm":14432,"minecraft:damage_taken":591,"minecraft:deaths":2,"minecraft:sneak_time":165,"minecraft:jump":109,"minecraft:damage_dealt":92,"minecraft:leave_game":2,"minecraft:time_since_death":0,"minecraft:total_world_time":9654,"minecraft:interact_with_crafting_table":1,"minecraft:fall_one_cm":2891,"minecraft:fly_one_cm":16918},"minecraft:picked_up":{"minecraft:acacia_log":3,"minecraft:dirt":6},"minecraft:used":{"minecraft:wooden_axe":1,"minecraft:dirt":6,"minecraft:crafting_table":1},"minecraft:mined":{"minecraft:short_grass":8,"minecraft:acacia_log":4,"minecraft:grass_block":6,"minecraft:tall_grass":3,"minecraft:birch_leaves":1}},"DataVersion":3837}