{"stats":{"minecraft:custom":{"minecraft:jump":45,"minecraft:time_since_rest":3342,"minecraft:leave_game":1,"minecraft:crouch_one_cm":138,"minecraft:sprint_one_cm":9275,"minecraft:play_time":3342,"minecraft:damage_taken":120,"minecraft:time_since_death":3342,"minecraft:walk_one_cm":3338,"minecraft:sneak_time":56,"minecraft:total_world_time":3342,"minecraft:fall_one_cm":1428,"minecraft:fly_one_cm":7437},"minecraft:picked_up":{"minecraft:dirt":3},"minecraft:used":{"minecraft:dirt":3},"minecraft:mined":{"minecraft:short_grass":1,"minecraft:grass_block":3,"minecraft:birch_leaves":1}},"DataVersion":3837}